"Отметка времени","What dorm do you live in?","Your dormitory living status?","How would you rate the access system to kitchens?","How would you rate the access system to laundresses?","How would you rate the access system to common areas (fitness, gym, etc.)?","How would you rate the internet service?","How would you rate police services?","How would you rate the organization of events in the dormitory?","We would like to hear about your experience living in a dormitory. Please share any specific problems or difficulties you have encountered!","Thank you for your participation in the research!
We will be glad if you appreciate the results of the survey."
"2024/02/18 1:10:14 PM GMT+1","Jedlíkova 13","Student","3","4","4","1","4","4","Internet for mobile is sooo bad",""
"2024/02/18 1:10:22 PM GMT+1","Jedlíkova 13","Student","3","5","5","4","5","5","-","5"
"2024/02/18 1:15:42 PM GMT+1","Jedlíkova 13","Student","5","1","3","5","5","4","i want free laundry machines to be returned and renewing fitness and gym areas","5"
"2024/02/18 1:17:44 PM GMT+1","Jedlíkova 5","Student","5","3","5","4","2","2","Z vratničkqmi problemy))","5"
"2024/02/18 1:19:35 PM GMT+1","Jedlíkova 5","Student","3","2","2","5","1","5","-","2"
"2024/02/18 1:20:24 PM GMT+1","Jedlíkova 5","Student","4","1","4","4","3","3","-","4"
"2024/02/18 1:25:23 PM GMT+1","Jedlíkova 9","Student","4","1","2","4","1","1","-","4"
"2024/02/18 1:28:46 PM GMT+1","Jedlíkova 9","Student","2","5","4","2","4","3","Internet vypadáva VEĽMI často. Aj keď ta rýchlosť je vysoka, ale často opakujúce sa výpadky ničia ten príjemný pocit z toho že mame gigabitový internet.

Akcii na internáte nie su až take časté, ale ich organizácia je v pohode. Preto som aj dal 3. Keby boli častejšie, určite by som dal viac bodov.

Prístupnosť kuchynky je ďaleká od ideálnej. Neda sa dostať kľúče hocikedy, ako v prípade s pračovňami. Otravovať ľudí o 6 rana, keď si chcem uvariť pred tym ako pôjdem do práce nie je najpríjemnejší pocit. Tak isto aj neskoro večer keby som si chcel uvariť, tak zodpovední za kuchynku už spia",""
"2024/02/18 1:34:04 PM GMT+1","Jedlíkova 5","Student","3","1","1","5","5","5","the key to the laundry room is always out","4"
"2024/02/18 1:34:22 PM GMT+1","Ferka Urbánka","Student","3","2","2","2","4","3","🤫🧏‍♂️","4"
"2024/02/18 1:39:06 PM GMT+1","Jedlíkova 5","Student","3","4","4","5","4","5","Зміна постільної білизни в незручний час ","5"
"2024/02/18 1:39:28 PM GMT+1","Jedlíkova 9","Student","3","5","3","2","3","2","Pračky sú drahé ale ich kvalita je zlá pre takú cenu. Rôzne párty robit na intraku nie je veľmi dobre, pretože v noci všetci chcú oddýchnuť, myslím že pre také veci musí byt nejaká miestnosť, ale nie intrak",""
"2024/02/18 1:52:39 PM GMT+1","Jedlíkova 9","Student","3","3","4","3","3","3","None","3"
"2024/02/18 1:53:26 PM GMT+1","Jedlíkova 9","Student","3","5","5","2","3","4","internet problems","4"
"2024/02/18 2:13:51 PM GMT+1","Jedlíkova 13","Student","2","2","4","4","3","4","Access to the kitchen and laundry is bad and uncomfortable, the number of laundresses is small and the price is a bit unpleasant, given that other dorms offer this service for free.","4"
"2024/02/18 2:14:09 PM GMT+1","Jedlíkova 9","Student","2","5","4","4","3","4","На мою думку, кухні не треба закривати на ключ, бо це немає жодного сенсу. Власники цих ключів ніколи не записують того, хто брав ключ. Коли власників ключів немає в гуртожитку, то до кухні доступу немає. ","5"
"2024/02/18 2:22:14 PM GMT+1","Jedlíkova 9","Student","2","3","3","3","3","2","I would like use system where you can choose time for laundries and it will be good see same in gym for better planning for day/week
Internet access has not been stable for last year and it cause me a lot of troubles. ","3"
"2024/02/18 2:27:22 PM GMT+1","Jedlíkova 9","Student","1","4","4","3","3","3","It is very problematic to get to the kitchen as the keys are with certain students, in some cases the kitchen is not even on the floor.Internet is steadily going down and wi-fi is not working at all.","3"
"2024/02/18 2:31:11 PM GMT+1","Jedlíkova 13","Student","2","1","5","5","5","1","Internet is good, police guys - good work. Laundry is bad, laundry not free, want it free, in India we don't have laundry, we have a river, i selled my wife for internet connection, i cunt have laundry:(((","1"
"2024/02/18 2:31:16 PM GMT+1","Jedlíkova 13","Student","3","4","5","5","5","4","Je trochu nepohodlné neustále chodiť po kľúče od kuchyne","4"
"2024/02/18 2:31:49 PM GMT+1","Jedlíkova 13","Student","5","5","5","4","4","5"," ",""
"2024/02/18 2:41:07 PM GMT+1","Jedlíkova 9","Student","1","2","3","3","3","2","zablokovali ste možnosť voľne používať kuchyne.
podarilo sa niekomu zničiť práčky tým, že ich týždenná náplň bola enormná. Kde su tie pračky teraz? Je to majetok alebo odpad? 
Otazka znie, prečo ľudia možu isť do š.policie, ked maju už pokutu a prečo im tuto pokutu odpušťate? Nie sme všetci rovnaki, však?
Nebudem ani hovoriť o presných bodoch zmluvy, kde máte príliš veľa práv vstúpiť do mojej prenajatej nehnuteľnosti, urobiť nejakú prehliadku, tvrdiť, že izby sú špinave tam, kde nie je možne ohodnotiť podľa zoznamu toho, čo by sa malo považovať za čistú miestnosť. ","3"
"2024/02/18 2:43:10 PM GMT+1","Ferka Urbánka","Student","2","2","2","2","3","2","free access to the kitchen, more entertainment and events in dormitory","4"
"2024/02/18 2:44:14 PM GMT+1","Jedlíkova 5","Student","2","2","4","4","3","4","nothing","3"
"2024/02/18 2:51:11 PM GMT+1","Jedlíkova 9","Student","3","5","4","4","4","3","The rules in a new rooms are sometimes too strict. Hygiene control can decrease your priority living there because of some not serious moments (by giving financial penalties, written warnings etc.). Repairmen/hygiene control/dorm administration comes in with/without a knock and yet, not notifying about arrival before.

Also nobody there likes the days when all students should spend half of a day at one specific place, such as signaturing contracts with dormitory department/internet provider, while standing in a line of almost entire dormitory. But there aren’t many that days.","5"
"2024/02/18 2:54:42 PM GMT+1","Boženy Němcovej","Student","4","2","2","1","1","1","washing machines constantly break down","5"
"2024/02/18 2:57:32 PM GMT+1","Jedlíkova 5","Student","2","4","4","2","1","3","-","3"
"2024/02/18 2:59:49 PM GMT+1","Ferka Urbánka","Student","2","4","3","2","2","2","Rooms for 3 people have only 2 Ethernet connections, while Wi-Fi is really bad","4"
"2024/02/18 3:00:36 PM GMT+1","Ferka Urbánka","Student","1","1","1","3","1","4","Acces to kitchen","5"
"2024/02/18 3:27:29 PM GMT+1","Jedlíkova 13","Student","1","1","1","3","3","3","-","4"
"2024/02/18 3:28:27 PM GMT+1","Jedlíkova 5","Student","1","3","2","4","4","3","Získanie preukazu združenia by už malo byt spravené online ","5"
"2024/02/18 3:31:32 PM GMT+1","Ferka Urbánka","Student","1","1","5","1","5","3","Otvorte kuchyne a vytvorte bezplatné pripojenie Wi-Fi, umožnite prístup na internet z počítača","4"
"2024/02/18 3:36:30 PM GMT+1","Jedlíkova 9","Student","1","3","3","4","3","3","The hostel's approach to students. Checks can happen at any time of the day, no matter whether you are busy or not. This needs to be corrected and some specific check time should be created. Dormitory also need to set clear requirements for cleanliness. Because any box lying somewhere creates a subject of dispute between students and inspectors.","5"
"2024/02/18 3:42:32 PM GMT+1","Jedlíkova 9","Student","1","3","4","3","5","3","Access to kitchen is not existent , people with keys are always not available, washing machines are too expensive for no reason and have 0 setting except temperature. Internet is unstable 3 5 outages per month . Door on the entrance is broken for 6 month already .","5"
"2024/02/18 3:48:38 PM GMT+1","Ferka Urbánka","Student","2","3","4","2","3","4","Chcel by som aby upratovačky robili svoju robotu a nie riešiť problemy s čistotou zamykanim kuchyniek a nových spŕch. ","3"
"2024/02/18 3:50:20 PM GMT+1","Jedlíkova 13","Student","1","4","1","1","1","3","…","1"
"2024/02/18 3:51:14 PM GMT+1","Jedlíkova 5","Student","3","3","5","5","5","5",".","5"
"2024/02/18 3:52:43 PM GMT+1","Jedlíkova 5","Student","3","4","5","4","5","5","often there is no key to the washing machine","5"
"2024/02/18 4:03:27 PM GMT+1","Jedlíkova 5","Student","2","2","4","3","2","5","Acces to the kitchen","5"
"2024/02/18 4:09:19 PM GMT+1","Ferka Urbánka","Student","4","3","2","1","2","2","There is a bad police system in the dormitory (Ferma Urbanka) 
It is needs upgrading.","4"
"2024/02/18 4:10:10 PM GMT+1","Jedlíkova 5","Student","2","2","4","5","5","5","-","5"
"2024/02/18 4:16:44 PM GMT+1","Jedlíkova 13","Student","1","3","5","3","1","1","We need to do what we used to do with kitchens. Open them up! The gyms need to be repaired, because some of the exercise equipment is no longer suitable for use. You painted them, but why? They were a cool orange color. ","5"
"2024/02/18 4:37:47 PM GMT+1","Ferka Urbánka","Student","2","2","3","4","5","5","Very strict rules ","5"
"2024/02/18 4:50:02 PM GMT+1","Ferka Urbánka","Student","1","3","4","4","4","4","Zamknuté kuchyne, to je hrozne. Vždy prídem na vratnicu a niekto si požičiaval kľúče a nevrátil !!! A kuchynka stále zamknutá. Musím byt hladný !? ","5"
"2024/02/18 4:57:16 PM GMT+1","Jedlíkova 13","Student","2","1","4","2","3","3","Vždy, keď chcete získať kľúč od kuchyne, musíte prejsť cez celú chodbu a potom vyrušiť ľudí, ktorí tam žijú. To je veľmi nepríjemné, ak varíte trikrát denne alebo viac. Okrem toho som trochu rozpačitý z toho, že za pranie bielizne musíme zakaždým zaplatiť 4 eurá. ","3"
"2024/02/18 5:24:12 PM GMT+1","Ferka Urbánka","Student","1","3","1","1","5","3","Potrebujeme lepšu posilovnu na Urbankova, ona je mala a už všetko je tam staré.
A dajte možnosť študentom používať Hot Spoty","3"
"2024/02/18 5:51:10 PM GMT+1","Jedlíkova 9","Student","1","5","4","4","4","5","ключи от кухни находятся у словаков, которых нет половину недели, из-за этого туда вообще невозможно попасть","5"
"2024/02/18 6:07:43 PM GMT+1","Ferka Urbánka","Student","1","3","2","4","2","3","Horrible violation of the rules of silence. After 22:00 there are several rooms that constantly scream and play music on the speakers, despite the fact that the rest want to relax and sleep, and no one takes any action. Also, the fact that kitchens are closed is absolutely incomprehensible. I think it would be better to install video cameras, even dummies, but this would correct the situation.","4"
"2024/02/18 6:28:11 PM GMT+1","Jedlíkova 5","Student","3","3","5","5","5","4","Acces to kitchen n laundry like on jedlikova 13","5"
"2024/02/18 6:33:09 PM GMT+1","Jedlíkova 5","Student","3","2","4","5","3","4","Bolo by skvelé, keby boli izby viac-menej rovnaké a ich kvalita (rekonštrukcia, postele, kúpeľne) sa kontrolovala povedzme raz za semester.","4"
"2024/02/18 6:37:48 PM GMT+1","Ferka Urbánka","Student","2","4","2","1","2","5","Internet","2"
"2024/02/18 6:42:35 PM GMT+1","Ferka Urbánka","Student","1","1","3","1","5","5","A very inconvenient system with keys to the kitchen, first you go down to get it, then you go up to cook, you go down again... horror.  The next thing is the laundry room, after washing the clothes stink as if they dug up Hitler and dressed him in my clothes, he walked around in them and swam in the river again, I don’t know any other way to describe this smell, and washing costs 4 euros... is this 4 euros for Hitlers services?","5"
"2024/02/18 6:43:02 PM GMT+1","Jedlíkova 5","Student","3","4","5","4","3","4","Kitchens, a lot of things can be explained in the hostel, but not the kitchens.  The system of handing out keys to certain students to keep clean is not working at all, some students clog the kitchen surface as much as possible, this is not paid much attention to. The second problem is that the keys are hard to take, the person responsible for the keys is not always at home, early in the morning they just ignore to give them, also because of the rules, the kitchen is closed relatively early, because of this students can not heat up food after the evening work shift","4"
"2024/02/18 7:25:19 PM GMT+1","Jedlíkova 9","Student","1","3","2","2","4","1","No access to kitchen, it’s always closed. Tough system of getting keys to access it. ","4"
"2024/02/18 7:25:55 PM GMT+1","Jedlíkova 9","Student","3","1","4","4","4","2","As for me, i don’t like situations when u came to the laundry and see that all machines are busy","3"
"2024/02/18 7:43:34 PM GMT+1","Boženy Němcovej","Student","2","4","2","4","5","2","Rats","5"
"2024/02/18 7:56:04 PM GMT+1","Jedlíkova 5","Student","1","1","3","5","3","5","Very poor access to kitchen","5"
"2024/02/18 8:21:34 PM GMT+1","Jedlíkova 9","Student","1","5","3","4","2","4","6. poschodie v bloku A nemá kuchynku, čo hodnotím ako veľký nedostatok.","4"
"2024/02/18 8:38:19 PM GMT+1","Ferka Urbánka","Student","1","1","3","3","2","4",".","5"
"2024/02/18 10:06:15 PM GMT+1","Jedlíkova 9","Student","2","5","3","5","5","5"," access to the kitchen(i would want to open kitchen )","5"
"2024/02/18 10:29:31 PM GMT+1","Boženy Němcovej","Student","2","3","3","4","1","2","The shower and toilet is so dirty ","3"
"2024/02/19 10:18:28 AM GMT+1","Jedlíkova 13","Student","1","1","1","3","2","4","Це ж просто якийсь прикол, я нормально не можу ні до прачок дістатися, ні до кухні. Але усих це влаштовує, короче ми як ті терпили. Нам закрили кухні(коли вони завжди були відкритими), нам зробили платними прачки - а ми терпимо ","3"
"2024/02/19 11:49:36 AM GMT+1","Jedlíkova 9","Long-staying (dlhodobý)","1","3","4","4","4","5","I would point out parking lot as first. We have great place for parking in front of Jedlikova 9, I understand that such parkings can make money for dormitory but I dont really understand why would u make half of parking billable. This half of parking is empty for most of the time, so definitely the price is either to high, or there are not as much people willing to pay for parking in general as u expected. I would suggest you to either lower the price of paid parking spots or lower the number of paid parking spots. Also please mark paid parking spots so we know where not to park. 

The best solution would be to only mark paid spots, or employee reserved spots with some sort of signs, and any other spots would be considered as free, until someone pay the reservation for them.","5"
"2024/02/19 11:59:38 AM GMT+1","Jedlíkova 9","Student","5","1","3","5","5","3","й",""
"2024/02/19 12:04:20 PM GMT+1","Jedlíkova 9","Student","5","3","4","4","4","5","всё старое и поломанное. батареи не работают на полную мощность. плохая звукоизоляция","5"
"2024/02/19 12:12:31 PM GMT+1","Jedlíkova 5","Student","3","2","5","4","4","5","You have to constantly ask for the key to the kitchen. There are always no keys to the washing machines, although they are free. I pay money to wash my clothes and I shouldn't care if the washing machine is broken.
It also annoys me that it is forbidden to distribute the Internet (if this is possible in other hostels).","5"
"2024/02/19 12:43:53 PM GMT+1","Jedlíkova 9","Student","4","3","4","4","4","3","-","4"
"2024/02/19 1:04:40 PM GMT+1","Jedlíkova 5","Student","3","4","5","2","5","5",".","4"
"2024/02/19 1:11:41 PM GMT+1","Jedlíkova 5","Student","2","5","5","3","5","5","Furniture are broken and old. Repair are old.","5"
"2024/02/19 1:11:49 PM GMT+1","Jedlíkova 5","Student","2","3","3","3","5","5"," Old broken furniture ","4"
"2024/02/19 1:18:04 PM GMT+1","Jedlíkova 9","Student","2","4","4","5","4","4","-","4"
"2024/02/19 1:21:36 PM GMT+1","Jedlíkova 9","Student","1","3","2","5","3","3","navrhovali by sme dat kluce od kuchynky do kazdej izby na poschodi, alebo ju nechat otvorenu stale, alebo tam zriadit pristup na isic","3"
"2024/02/19 1:24:39 PM GMT+1","Jedlíkova 9","Student","1","4","3","4","3","2"," ",""
"2024/02/19 2:10:00 PM GMT+1","Jedlíkova 5","Student","5","2","5","5","5","3","Иногда не работают лифты в блоке ""А"" 
Стоят очень много стиральных машинок в прачке,но ключей мало","4"
"2024/02/19 2:17:52 PM GMT+1","Jedlíkova 9","Student","1","2","2","2","4","4","Weird internet connection (I mean not stable at all), elevators and access to the kitchen by keys ","5"
"2024/02/19 2:22:38 PM GMT+1","Jedlíkova 9","Student","2","3","2","1","1","1","Idk how rules works for some kind of students, but there is noise after 22.00. I really dunno what they’re doing but it’s like they killing someone every night or smth like that. And police don’t do anything it’s annoying. Also they are problems with keys to kitchen. Hygiene control is kinda too strict. There is feeling like they don’t know that we are living here and want from us excellent hygiene in our rooms ","5"
"2024/02/19 3:17:28 PM GMT+1","Boženy Němcovej","Student","2","4","3","1","5","3","Nothing ","5"
"2024/02/19 6:26:19 PM GMT+1","Jedlíkova 9","Student","3","2","3","4","1","4","-","3"
"2024/02/19 8:47:20 PM GMT+1","Jedlíkova 9","Student","4","2","4","3","4","5",":)
","5"
"2024/02/19 11:34:43 PM GMT+1","Jedlíkova 13","Long-staying (dlhodobý)","5","2","4","5","4","4","expensive laundry with only two machines","5"
"2024/02/20 12:01:49 AM GMT+1","Jedlíkova 9","Student","1","4","1","2","1","3","Access to the kitchen is a huge problem, because you have to constantly go and ask for keys, which are not always available. 
Also I don’t like the fact that at any moment an inspection can enter the room. And what about personal space? We pay for this hostel with our own money and should not feel indebted to anyone. 
The next moment is the student police, who only occasionally sit and check documents. It should either be done on a permanent basis or never. 
Also a big problem is the garbage cans near the hostel, where everything is scattered and anyone can enter.
 I don't know if this is related to the topic, but subsidies.. Why is it much more profitable to eat in the dining room in the UPJS than in the TUKE","5"
"2024/02/20 6:23:11 AM GMT+1","Jedlíkova 13","Student","4","4","5","5","5","5","all is fine","5"
"2024/02/20 9:40:41 AM GMT+1","Ferka Urbánka","Student","1","1","3","1","1","3","I have to pay for each wash. Аlthough it used to be free","5"
"2024/02/20 10:38:05 AM GMT+1","Jedlíkova 9","Student","1","2","5","3","3","5",".",""
"2024/02/20 11:47:09 AM GMT+1","Jedlíkova 9","Student","2","2","2","3","3","2","access to the kitchen",""
"2024/02/20 12:18:52 PM GMT+1","Jedlíkova 9","Student","3","2","5","5","4","5","I need to ask for a key to access the kitchen. Sometimes I do not get to the key and we starve or need to order meal. Also it is annoying that we always need to ask for a key.","5"
"2024/02/20 1:30:44 PM GMT+1","Jedlíkova 5","Student","5","4","4","2","1","4","-","3"
"2024/02/20 2:18:18 PM GMT+1","Jedlíkova 9","Student","3","3","3","5","5","5","A note to questions 3-5
access system to kitchens,  access system to laundresses and access system to common areas (fitness, gym, etc.)
I dont use any of these facilities so my answers are more of a ""neutral/not eligible for answer""","4"
"2024/02/20 4:45:32 PM GMT+1","Jedlíkova 9","Student","1","5","1","4","4","2","nezabezpečené kontajnerové stojiská, plytvanie elektrickou energiou počas dňa, nedostatočné stráženie vrátnice počas veľkých akcií na internáte (mali by vrátnice policajti kontrolovať už 5 hodín pred začiatkom napr. Jedličky a pod.), staré výťahy, chýbajúci kamerový systém na vrátnici, nedostatočné vybavenie kuchynky, zlý prístup ku kuchynke.","3"
"2024/02/20 7:11:52 PM GMT+1","Jedlíkova 9","Student","1","3","4","4","4","3","Pristup ku kuchyni je velmi zly",""
"2024/02/21 9:45:44 AM GMT+1","Jedlíkova 9","Student","2","3","2","2","3","3","Vypadáva internet, nefunkčné vybavenie v kuchynke","3"